dsstox_substance_id,casrn,preferred_name,dsstox_matchwith_unique_cancer_chemicals
DTXSID5020077,2432-99-7,11-Aminoundecanoic acid,YES
DTXSID8034586,153233-91-1,Etoxazole,YES
DTXSID8024238,19044-88-3,Oryzalin,YES
DTXSID7024110,69409-94-5,Fluvalinate,YES
DTXSID5021207,75-56-9,"1,2-Propylene oxide",YES
DTXSID7024902,533-74-4,Dazomet,YES
DTXSID4021268,122-34-9,Simazine,YES
DTXSID0020315,76-06-2,Chloropicrin,YES
DTXSID6020438,107-06-2,"1,2-Dichloroethane",YES
DTXSID8032386,55283-68-6,Ethalfluralin,YES
DTXSID0032520,131860-33-8,Azoxystrobin,YES
DTXSID9021390,96-18-4,"1,2,3-Trichloropropane",YES
DTXSID0024345,82097-50-5,Triasulfuron,YES
DTXSID9020164,3296-90-0,"2,2-Bis(bromomethyl)-1,3-propanediol",YES
DTXSID0021961,119-61-9,Benzophenone,YES
DTXSID9020293,532-27-4,2-Chloroacetophenone,YES
DTXSID4025791,88-72-2,2-Nitrotoluene,YES
DTXSID4020666,556-52-5,Glycidol,YES
DTXSID5020944,59-87-0,Nitrofurazone,YES
DTXSID0020529,121-14-2,"2,4-Dinitrotoluene",YES
DTXSID3024609,34549-30-9,"2,2-Bis(bromoethyl)-1,3-propanediol",YES
DTXSID4020402,95-80-7,"2,4-Diaminotoluene",YES
DTXSID5025607,93-15-2,Methyleugenol,YES
DTXSID4021218,117-39-5,Quercetin,YES
DTXSID7021364,636-21-5,2-Methylaniline hydrochloride,YES
DTXSID5020449,62-73-7,Dichlorvos,YES
DTXSID8034875,179101-81-6,Pyridalyl,YES
DTXSID9021427,51-79-6,Urethane,YES
DTXSID5035957,68359-37-5,Cyfluthrin,YES
DTXSID0020446,330-54-1,Diuron,YES
DTXSID9034868,94125-34-5,Prosulfuron,YES
DTXSID3021196,139-40-2,Propazine,YES
DTXSID9020112,1912-24-9,Atrazine,YES
DTXSID0020448,78-87-5,"1,2-Dichloropropane",YES
DTXSID1023869,834-12-8,Ametryn,YES
DTXSID8024101,101200-48-0,Tribenuron-methyl,YES
DTXSID0022018,298-04-4,Disulfoton,YES
DTXSID7020710,122-66-7,"1,2-Diphenylhydrazine",YES
DTXSID3020413,96-12-8,"1,2-Dibromo-3-chloropropane",YES
DTXSID1020485,20325-40-0,"3,3'-Dimethoxybenzidine dihydrochloride",YES
DTXSID0020943,99-59-2,2-Methoxy-5-nitroaniline,YES
DTXSID7022413,97-54-1,Isoeugenol,YES
DTXSID4027608,5915-41-3,Terbuthylazine,YES
DTXSID7021237,50-55-5,Reserpine,YES
DTXSID7034676,42509-80-8,Isazofos,no
DTXSID9034496,127277-53-6,Prohexadione-calcium,no
DTXSID0032572,23031-36-9,Prallethrin,no
DTXSID1032482,96182-53-5,Tebupirimfos,no
DTXSID1032640,95737-68-1,Pyriproxyfen,no
DTXSID6034928,148477-71-8,Spirodiclofen,no
DTXSID8040222,199119-58-9,Trifloxysulfuron-sodium,no
DTXSID6032358,57966-95-7,Cymoxanil,no
DTXSID8034877,53112-28-0,Pyrimethanil,no
DTXSID3032628,161050-58-4,Methoxyfenozide,no
DTXSID0034227,119515-38-7,Icaridin,no
DTXSID7024299,78587-05-0,Hexythiazox,no
DTXSID5021754,77-71-4,"5,5-Dimethylhydantoin",no
DTXSID3024102,22224-92-6,Fenamiphos,no
DTXSID1024120,77182-82-2,Glufosinate-ammonium,no
DTXSID4021975,122-39-4,Diphenylamine,no
DTXSID4032615,98967-40-9,Flumetsulam,no
DTXSID3041794,99607-70-2,Cloquintocet-mexyl,no
DTXSID2032500,68694-11-1,Triflumizole,no
DTXSID7020764,101-21-3,Chlorpropham,no
DTXSID7022253,10453-86-8,Resmethrin,no
DTXSID3024944,35691-65-7,"1,2-Dibromo-2,4-dicyanobutane",no
DTXSID7024243,1910-42-5,Paraquat dichloride,no
DTXSID0034695,2234562,Mancozeb,no
DTXSID9020792,123-33-1,Maleic hydrazide,no
DTXSID5020154,120-32-1,Clorophene,no
DTXSID3024239,19666-30-9,Oxadiazon,no
DTXSID0023901,25057-89-0,Bentazon,no
DTXSID6032354,105512-06-9,Clodinafop-propargyl mixt.,no
DTXSID2032683,7786-34-7,Mevinphos,no
DTXSID0038338,61949-76-6,1RS cis-Permethrin,no
DTXSID3034531,23564-06-9,Thiophanate,no
DTXSID8020628,2164-17-2,Fluometuron,no
DTXSID9023889,76578-14-8,Quizalofop-ethyl,no
DTXSID8034871,129630-19-9,Pyraflufen-ethyl,no
DTXSID1024338,23564-05-8,Thiophanate-methyl,no
DTXSID7034252,149979-41-9,Tepraloxydim,no
DTXSID1034212,118134-30-8,Spiroxamine,no
DTXSID7034460,82697-71-0,Clofencet-potassium,no
DTXSID3032626,2032-65-7,Methiocarb,no
DTXSID7032478,168316-95-8,Spinosad,no
DTXSID1024259,2310-17-0,Phosalone,no
DTXSID4032532,128639-02-1,Carfentrazone-ethyl,no
DTXSID7034545,110488-70-5,Dimethomorph,no
DTXSID0020440,120-36-5,Dichlorprop,no
DTXSID9034492,120116-88-3,Cyazofamid,no
DTXSID3034614,181274-17-9,Flucarbazone-sodium,no
DTXSID7034753,173159-57-4,Foramsulfuron,no
DTXSID9034737,9006-42-2,Metiram,no
DTXSID6021327,26514,1-trans-delta-9-Tetrahydrocannabinol,no
DTXSID7024085,16672-87-0,Ethephon,no
DTXSID1032357,13121-70-5,Cyhexatin,no
DTXSID9024304,74051-80-2,Sethoxydim,no
DTXSID2032390,60168-88-9,Fenarimol,no
DTXSID5032525,149877-41-8,Bifenazate,no
DTXSID6024048,43222-48-6,Difenzoquat metilsulfate,no
DTXSID9034573,97780-06-8,Ethametsulfuron-methyl,no
DTXSID1020560,115-29-7,Endosulfan,no
DTXSID1024255,13684-63-4,Phenmedipham,no
DTXSID2034881,124495-18-7,Quinoxyfen,no
DTXSID2021151,90-43-7,2-Phenylphenol,no
DTXSID8020620,55-38-9,Fenthion,no
DTXSID6032352,5598-13-0,Chlorpyrifos-methyl,no
DTXSID8034829,31512-74-0,Polixetonium chloride,no
DTXSID8035180,584-79-2,Allethrin,no
DTXSID0034803,219714-96-2,Penoxsulam,no
DTXSID2021995,134-62-3,DEET,no
DTXSID9034286,26172-55-4,5-Chloro-2-methyl-3(2H)-isothiazolone,no
DTXSID7032638,175013-18-0,Pyraclostrobin,no
DTXSID8022111,709-98-8,Propanil,no
DTXSID1024174,78-48-8,Tribufos,no
DTXSID7032555,103361-09-7,Flumioxazin,no
DTXSID1032519,135158-54-2,Acibenzolar-S-methyl,no
DTXSID6024177,10265-92-6,Methamidophos,no
DTXSID0032601,94361-06-5,Cyproconazole,no
DTXSID2034962,153719-23-4,Thiamethoxam,no
DTXSID0021464,137-30-4,Ziram,no
DTXSID5032573,96489-71-3,Pyridaben,no
DTXSID4020791,121-75-5,Malathion,no
DTXSID8025599,6317-18-6,Methylene bis(thiocyanate),no
DTXSID0032493,55219-65-3,Triadimenol,no
DTXSID3024287,81335-77-5,Imazethapyr,no
DTXSID9034365,134605-64-4,Butafenacil,no
DTXSID1024170,24307-26-4,Mepiquat chloride,no
DTXSID7021100,56-38-2,Parathion,no
DTXSID4024195,94-74-6,MCPA,no
DTXSID5020819,950-37-8,Methidathion,no
DTXSID0028038,55406-53-6,3-Iodo-2-propynyl-N-butylcarbamate,no
DTXSID9020794,12427-38-2,Maneb,no
DTXSID0024266,29232-93-7,Pirimiphos-methyl,no
DTXSID6023864,74223-64-6,Metsulfuron-methyl,no
DTXSID3024154,36734-19-7,Iprodione,no
DTXSID3034456,87818-31-3,Cinmethylin,no
DTXSID4024276,2312-35-8,Propargite,no
DTXSID4024274,1918-16-7,Propachlor,no
DTXSID9034864,181274-15-7,Propoxycarbazone-sodium,no
DTXSID0024343,66841-25-6,Tralomethrin,no
DTXSID7032553,62924-70-3,Flumetralin,no
DTXSID9032610,80844-07-1,Etofenprox,no
DTXSID2034625,361377-29-9,Fluoxastrobin,no
DTXSID7032688,26002-80-2,Phenothrin,no
DTXSID8034538,109293-97-2,Diflufenzopyr,no
DTXSID0032578,59669-26-0,Thiodicarb,no
DTXSID1032355,81777-89-1,Clomazone,no
DTXSID3032549,126833-17-8,Fenhexamid,no
DTXSID1023998,52315-07-8,Cypermethrin,no
DTXSID7024245,40487-42-1,Pendimethalin,no
DTXSID9032379,97886-45-8,Dithiopyr,no
DTXSID8024151,35554-44-0,Imazalil,no
DTXSID3034618,188489-07-8,Flufenpyr-ethyl,no
DTXSID2034590,161326-34-7,Fenamidone,no
DTXSID8023892,71751-41-2,Abamectin,no
DTXSID3020122,86-50-0,Azinphos-methyl,no
DTXSID6020147,95-14-7,"1,2,3-Benzotriazole",no
DTXSID5023900,17804-35-2,Benomyl,no
DTXSID6021248,83-79-4,Rotenone,no
DTXSID8034956,112281-77-3,Tetraconazole,no
DTXSID8034588,131807-57-3,Famoxadone,no
DTXSID1024122,1071-83-6,Glyphosate,no
DTXSID5034270,104098-48-8,Imazapic,no
DTXSID0039223,116-06-3,Aldicarb,no
DTXSID6024206,2212-67-1,Molinate,no
DTXSID6032649,7696-12-0,Tetramethrin,no
DTXSID7024160,77501-63-4,Lactofen,no
DTXSID6032562,113-48-4,MGK-264,no
DTXSID9029221,1702-17-6,Clopyralid,no
DTXSID4032580,141517-21-7,Trifloxystrobin,no
DTXSID3032464,41198-08-7,Profenofos,no
DTXSID9021398,137-17-7,"2,4,5-Trimethylaniline",no
DTXSID0024000,1861-32-1,Chlorthal-dimethyl,no
DTXSID2024086,563-12-2,Ethion,no
DTXSID0034223,119168-77-3,Tebufenpyrad,no
DTXSID0034722,210631-68-8,Topramezone,no
DTXSID4020533,123-91-1,"1,4-Dioxane",no
DTXSID2020426,99-30-9,Dicloran,no
DTXSID0034566,155569-91-8,Emamectin benzoate,no
DTXSID8024315,88671-89-0,Myclobutanil,no
DTXSID8024107,59756-60-4,Fluridone,no
DTXSID4021395,1582-09-8,Trifluralin,no
DTXSID2020686,58-89-9,Lindane,no
DTXSID0043719,205650-65-3,Fipronil-desulfinyl,no
DTXSID4032613,122-14-5,Fenitrothion,no
DTXSID4020458,2921-88-2,Chlorpyrifos,no
DTXSID9020401,137-09-7,"2,4-Diaminophenol dihydrochloride",no
DTXSID3020338,1420-04-8,Clonitralid,no
DTXSID0020442,94-75-7,"2,4-Dichlorophenoxyacetic acid",no
DTXSID9043720,2624-17-1,Sodium cyanurate,no
DTXSID4032372,119446-68-3,Difenoconazole,no
DTXSID8021307,NOCAS_21307,Telone II,no
DTXSID9020370,1596-84-5,Daminozide,no
DTXSID1020516,57-14-7,"1,1-Dimethylhydrazine",no
DTXSID2032637,123312-89-0,Pymetrozine,no
DTXSID8034742,NOCAS_34742,"Milbemectin (mixture of 70% Milbemcin A4, 30% Milbemycin A3)",no
DTXSID2029167,137-42-8,Metam-sodium,no
DTXSID7023853,62476-59-9,Acifluorfen-sodium,no
DTXSID2039336,28434-00-6,S-Bioallethrin,no
DTXSID8032548,114369-43-6,Fenbuconazole,no
DTXSID0021385,133-07-3,Folpet,no
DTXSID9020089,101-05-3,Anilazine,no
DTXSID2025686,2163-80-6,Monosodium methanearsonate,no
DTXSID9020790,1634-78-2,Malaoxon,no
DTXSID0032605,51338-27-3,Diclofop-methyl,no
DTXSID5021386,88-06-2,"2,4,6-Trichlorophenol",no
DTXSID5021380,79-00-5,"1,1,2-Trichloroethane",no
DTXSID7034383,125401-92-5,Bispyribac-sodium,no
DTXSID8034297,57960-19-7,Acequinocyl,no
DTXSID4032611,13194-48-4,Ethoprop,no
DTXSID8020832,74-83-9,Methyl bromide,no
DTXSID2020630,7681-49-4,Sodium fluoride,no
DTXSID1032359,121552-61-2,Cyprodinil,no
DTXSID8024159,82558-50-7,Isoxaben,no
DTXSID1020431,106-46-7,"1,4-Dichlorobenzene",no
DTXSID8032673,123343-16-8,Pyrithiobac-sodium,no
DTXSID4034528,145701-21-9,Diclosulam,no
DTXSID5034307,112143-82-5,Triazamate,no
DTXSID6034392,188425-85-6,Boscalid,no
DTXSID8034580,26225-79-6,Ethofumesate,no
DTXSID0034518,13684-56-5,Desmedipham,no
DTXSID0024341,26471-62-5,Toluene diisocyanate,no
DTXSID7023936,2008-41-5,Butylate,no
DTXSID6032641,84087-01-4,Quinclorac,no
DTXSID4034940,141776-32-1,Sulfosulfuron,no
DTXSID5020285,127-00-4,1-Chloro-2-propanol,no
DTXSID6032645,122836-35-5,Sulfentrazone,no
DTXSID3040352,39300-45-3,Dinocap,no
DTXSID7020479,60-51-5,Dimethoate,no
DTXSID2020347,56-72-4,Coumaphos,no
DTXSID1032488,117718-60-2,Thiazopyr,no
DTXSID4032405,23422-53-9,Formetanate hydrochloride,no
DTXSID1022265,15972-60-8,Alachlor,no
DTXSID9032329,741-58-2,Bensulide,no
DTXSID0020319,1897-45-6,Chlorothalonil,no
DTXSID7020508,75-60-5,Dimethylarsinic acid,no
DTXSID8024317,5902-51-2,Terbacil,no
DTXSID2020420,23950-58-5,Propyzamide,no
DTXSID9034232,101-10-0,Cloprop,no
DTXSID9034490,420-04-2,Cyanamide,no
DTXSID3020415,106-93-4,"1,2-Dibromoethane",no
DTXSID2032554,87546-18-7,Flumiclorac-pentyl,no
DTXSID4024272,7287-19-6,Prometryn,no
DTXSID8024109,66332-96-5,Flutolanil,no
DTXSID4034609,120068-37-3,Fipronil,no
DTXSID7021318,79-34-5,"1,1,2,2-Tetrachloroethane",no
DTXSID6021086,23135-22-0,Oxamyl,no
DTXSID3034664,114311-32-9,Imazamox,no
DTXSID2024242,76738-62-0,Paclobutrazol,no
DTXSID0032497,55335-06-3,Triclopyr,no
DTXSID9032327,22781-23-3,Bendiocarb,no
DTXSID2032556,117337-19-6,Fluthiacet-methyl,no
DTXSID1040376,71203-19-5,"Ethanaminium, 2-hydroxy-N,N,N-trimethyl-, compd. with 1,2-dihydro-3,6-prridazinedione (1:1)",no
DTXSID0024002,39515-41-8,Fenpropathrin,no
DTXSID9020243,133-06-2,Captan,no
DTXSID0023951,5234-68-4,Carboxin,no
DTXSID6020353,156-62-7,Calcium cyanamide,no
DTXSID5023954,12789-03-6,"Chlordane, technical grade",no
DTXSID3024075,85-00-7,Diquat dibromide,no
DTXSID8022292,52645-53-1,Permethrin,no
DTXSID3034872,1698-60-8,Chloridazon,no
DTXSID5021124,108-95-2,Phenol,no
DTXSID0024216,1929-82-4,Nitrapyrin,no
DTXSID7040289,4684-94-0,6-Chloro-2-picolinic acid,no
DTXSID6034849,25606-41-1,Propamocarb hydrochloride,no
DTXSID1034973,87820-88-0,Tralkoxydim,no
DTXSID6034712,208465-21-8,Mesosulfuron-methyl,no
DTXSID3035004,111578-32-6,Metobenzuron,no
DTXSID9032533,122453-73-0,Chlorfenapyr,no
DTXSID6024204,21087-64-9,Metribuzin,no
DTXSID9023914,141-66-2,Dicrotophos,no
DTXSID6032356,1134-23-2,Cycloate,no
DTXSID4024145,51235-04-2,Hexazinone,no
DTXSID6020430,95-50-1,"1,2-Dichlorobenzene",no
DTXSID4022361,50471-44-8,Vinclozolin,no
DTXSID8023846,30560-19-1,Acephate,no
DTXSID4032376,87674-68-8,Dimethenamid,no
DTXSID4024018,1918-00-9,Dicamba,no
DTXSID5032498,3380-34-5,Triclosan,no
DTXSID7021948,114-26-1,Propoxur,no
DTXSID8034665,81334-34-1,Imazapyr,no
DTXSID5032600,113136-77-9,Cyclanilide,no
DTXSID3034402,23184-66-9,Butachlor,no
DTXSID2034627,69377-81-7,Fluroxypyr,no
DTXSID0032651,51707-55-2,Thidiazuron,no
DTXSID9034945,2699-79-8,Sulfuryl fluoride,no
DTXSID2034673,144550-36-7,Iodosulfuron-methyl-sodium,no
DTXSID5021097,2058-46-0,Oxytetracycline hydrochloride,no
DTXSID5020607,117-81-7,Di(2-ethylhexyl) phthalate,no
DTXSID9032531,116255-48-2,Bromuconazole,no
DTXSID6022341,1610-18-0,Prometon,no
DTXSID2032344,54593-83-8,Chlorethoxyfos,no
DTXSID4020450,115-32-2,Dicofol,no
DTXSID1032642,122931-48-0,Rimsulfuron,no
DTXSID1024091,759-94-4,EPTC,no
DTXSID4022020,314-40-9,Bromacil,no
DTXSID5032442,138261-41-3,Imidacloprid,no
DTXSID4022448,51218-45-2,Metolachlor,no
DTXSID4024270,67747-09-5,Prochloraz,no
DTXSID7023980,64902-72-3,Chlorsulfuron,no
DTXSID2034205,68049-83-2,Azafenidin,no
DTXSID8032544,136-45-8,"Dipropyl pyridine-2,5-dicarboxylate",no
DTXSID2021315,1746-01-6,"2,3,7,8-Tetrachlorodibenzo-p-dioxin",no
DTXSID5034723,141112-29-0,Isoxaflutole,no
DTXSID0021389,52-68-6,Trichlorfon,no
DTXSID7032551,79622-59-6,Fluazinam,no
DTXSID2024163,330-55-2,Linuron,no
DTXSID7024241,42874-03-3,Oxyfluorfen,no
DTXSID6024175,57837-19-1,Metalaxyl,no
DTXSID6034920,15922-78-8,Sodium pyrithione,no
DTXSID0032655,131983-72-7,Triticonazole,no
DTXSID3020621,51630-58-1,Fenvalerate,no
DTXSID2032398,131341-86-1,Fludioxonil,no
DTXSID9020247,63-25-2,Carbaryl,no
DTXSID1020194,10043-35-3,Boric acid,no
DTXSID2032502,126535-15-7,Triflusulfuron-methyl,no
DTXSID8034401,69327-76-0,Buprofezin,no
DTXSID1032690,173584-44-6,Indoxacarb,no
DTXSID4034948,112410-23-8,Tebufenozide,no
DTXSID7034549,165252-70-0,Dinotefuran,no
DTXSID5032365,1194-65-6,Dichlobenil,no
DTXSID5032577,79538-32-2,Tefluthrin,no
DTXSID7020346,10380-28-6,Copper-8-hydroxyquinoline (1:2),no
DTXSID5034773,116714-46-6,Novaluron,no
DTXSID6023868,67485-29-4,Hydramethylnon,no
DTXSID4034653,79983-71-4,Hexaconazole,no
DTXSID1034210,29091-21-2,Prodiamine,no
DTXSID5032654,26644-46-2,Triforine,no
DTXSID8032463,86209-51-0,Primisulfuron-methyl,no
DTXSID7034961,111988-49-9,Thiacloprid,no
DTXSID0034300,135410-20-7,Acetamiprid,no
DTXSID9020160,82657-04-3,Bifenthrin,no
DTXSID8020381,52918-63-5,Deltamethrin,no
DTXSID1022267,16752-77-5,Methomyl,no
DTXSID8024280,60207-90-1,Propiconazole,no
DTXSID6037807,2163-68-0,2-Hydroxyatrazine,no
DTXSID3023899,1861-40-1,Benfluralin,no
DTXSID7032470,31218-83-4,Propetamphos,no
DTXSID8023890,3337-71-1,Asulam,no
DTXSID8024234,27314-13-2,Norflurazon,no
DTXSID7032393,72490-01-8,Fenoxycarb,no
DTXSID5021332,137-26-8,Thiram,no
DTXSID9034650,100784-20-1,Halosulfuron-methyl,no
DTXSID5034694,28382-15-2,"Maleic hydrazide, potassium salt",no
DTXSID6023997,68085-85-8,Cyhalothrin,no
DTXSID3024235,85509-19-9,Flusilazole,no
DTXSID7032424,104206-82-8,Mesotrione,no
DTXSID9023881,74115-24-5,Clofentezine,no
DTXSID9032581,156052-68-5,Zoxamide,no
DTXSID7024035,94-82-6,"2,4-DB",no
DTXSID1034634,68157-60-8,Forchlorfenuron,no
DTXSID2032550,134098-61-6,"Fenpyroximate (Z,E)",no
DTXSID3024152,81335-37-7,Imazaquin,no
DTXSID8023848,34256-82-1,Acetochlor,no
DTXSID0034356,113036-88-7,Flucycloxuron,no
DTXSID9034818,35575-96-3,Azamethiphos,no
DTXSID9020407,333-41-5,Diazinon,no
DTXSID1020855,298-00-0,Methyl parathion,no
DTXSID1021166,51-03-6,Piperonyl butoxide,no
DTXSID4034364,144651-06-9,Oxasulfuron,no
DTXSID3023897,43121-43-3,Triadimefon,no
DTXSID1034503,122008-85-9,Cyhalofop-butyl,no
DTXSID0034930,98886-44-3,Fosthiazate,no
DTXSID2032558,143390-89-0,Kresoxim-methyl,no
DTXSID2034465,210880-92-5,Clothianidin,no
DTXSID7032391,13356-08-6,Fenbutatin oxide,no
DTXSID5023871,33089-61-1,Amitraz,no
DTXSID3034612,69806-50-4,Fluazifop-butyl,no
DTXSID1021160,6607,Picloram,no
DTXSID0021337,148-79-8,Thiabendazole,no
DTXSID3035002,83657-17-4,Uniconazole-P,no
DTXSID6032647,21564-17-0,2-(Thiocyanomethylthio)benzothiazole,no
DTXSID3022162,1689-84-5,Bromoxynil,no
DTXSID2021105,82-68-8,Pentachloronitrobenzene,no
DTXSID1021409,76-87-9,Triphenyltin hydroxide,no
DTXSID2032552,142459-58-3,Flufenacet,no
DTXSID6042440,83121-18-0,Teflubenzuron,no
DTXSID6023999,66215-27-8,Cyromazine,no
DTXSID1034715,108-62-3,Metaldehyde acetaldehyde tetramer,no
DTXSID2032392,66441-23-4,Fenoxaprop-ethyl,no
DTXSID4032459,298-02-2,Phorate,no
DTXSID5024261,732-11-6,Phosmet,no
DTXSID3034458,99129-21-2,Clethodim,no
DTXSID7024164,83055-99-6,Bensulfuron-methyl,no
DTXSID1020273,7782-50-5,Chlorine,no
DTXSID6025355,111-30-8,Glutaraldehyde,no
DTXSID3021641,112-05-0,Nonanoic acid,no
DTXSID4024985,118-52-5,"1,3-Dichloro-5,5-dimethylhydantoin",no
DTXSID0034851,15165-67-0,Dichlorprop-P,no
DTXSID0048054,15627-09-5,Bis[1-cyclohexyl-1-(hydroxy-kappaO)-2-(oxo-kappaO)hydrazinato]copper,no
DTXSID1028992,70592-80-2,C10-16-Alkyldimethylamines oxides,no
DTXSID3026302,1300-72-7,Sodium xylenesulfonate,no
DTXSID8020121,26628-22-8,Sodium azide,no
DTXSID2021238,108-46-3,Resorcinol,no
DTXSID6020141,271-89-6,"2,3-Benzofuran",no
DTXSID1021877,107-07-3,2-Chloroethanol,no
DTXSID3020966,62-23-7,4-Nitrobenzoic acid,no
DTXSID5020730,148-24-3,8-Hydroxyquinoline,no
DTXSID4020240,105-60-2,Caprolactam,no
DTXSID8026307,87-62-7,"2,6-Dimethylaniline",no
DTXSID6020068,117-79-3,2-Aminoanthraquinone,no
DTXSID2020268,115-28-6,Chlorendic acid,no
DTXSID1024097,111-76-2,2-Butoxyethanol,no
DTXSID1020807,149-30-4,2-Mercaptobenzothiazole,no
DTXSID5020869,101-61-1,"4,4'-Methylenebis(N,N-dimethylaniline)",no
DTXSID9020871,13552-44-8,"4,4'-Methylenedianiline dihydrochloride",no
DTXSID2020713,58-93-5,Hydrochlorothiazide,no
DTXSID0021094,101-80-4,"4,4'-Oxydianiline",no
DTXSID5020283,95-83-0,"4-Chloro-1,2-diaminobenzene",no
DTXSID5021336,58-55-9,Theophylline,no
DTXSID2020006,103-90-2,Acetaminophen,no
DTXSID6024836,5392-40-5,"3,7-Dimethyl-2,6-octadienal",no
DTXSID1020770,143-50-0,Kepone,no
DTXSID7020348,91-64-5,Coumarin,no
DTXSID4020375,50-29-3,"p,p'-DDT",no
DTXSID7020392,131-17-9,Diallyl phthalate,no
DTXSID3021932,111-42-2,Diethanolamine,no
DTXSID7021780,84-66-2,Diethyl phthalate,no
DTXSID0020498,120-61-6,Dimethyl terephthalate,no
DTXSID9024986,80-07-9,"4,4'-Dichlorodiphenyl sulfone",no
DTXSID0021414,78-42-2,Tris(2-ethylhexyl) phosphate,no
DTXSID9020617,97-53-0,Eugenol,no
DTXSID1020647,98-01-1,Furfural,no
DTXSID5023792,99-99-0,4-Nitrotoluene,no
DTXSID8020759,78-59-1,Isophorone,no
DTXSID5020152,100-51-6,Benzyl alcohol,no
DTXSID4020373,72-54-8,"p,p'-DDD",no
DTXSID2020507,121-69-7,"N,N-Dimethylaniline",no
DTXSID9020374,72-55-9,"p,p'-DDE",no
DTXSID8020913,91-20-3,Naphthalene,no
DTXSID6020939,139-13-9,Nitrilotriacetic acid,no
DTXSID7024087,110-80-5,2-Ethoxyethanol,no
DTXSID8020092,134-29-2,2-Methoxyaniline hydrochloride,no
DTXSID1020350,120-71-8,2-Methoxy-5-methylaniline,no
DTXSID7021106,87-86-5,Pentachlorophenol,no
DTXSID0021125,77-09-8,Phenolphthalein,no
DTXSID5021411,115-96-8,Tris(2-chloroethyl) phosphate,no
DTXSID1020439,120-83-2,"2,4-Dichlorophenol",no
DTXSID7020716,123-31-9,Hydroquinone,no
DTXSID5021201,121-79-9,Propyl gallate,no
DTXSID9021217,58-14-0,Pyrimethamine,no
DTXSID0020941,7632-00-0,Sodium nitrite,no
DTXSID8020040,309-00-2,Aldrin,no
DTXSID9020453,60-57-1,Dieldrin,no
DTXSID6020220,1948-33-0,tert-Butylhydroquinone,no
DTXSID6021321,64-75-5,Tetracycline hydrochloride,no
DTXSID2020894,90-94-8,Michler's ketone,no
DTXSID4020959,99-55-8,2-Methyl-5-nitroaniline,no
DTXSID4021135,842-07-9,C.I. Solvent Yellow 14,no
DTXSID0027856,25265-71-8,Dipropylene glycol,no
DTXSID7020267,57-74-9,Chlordane,no
DTXSID6020561,72-20-8,Endrin,no
DTXSID3020679,76-44-8,Heptachlor,no
DTXSID5021419,73-22-3,l-Tryptophan,no
DTXSID4020371,80-08-0,Dapsone,no
DTXSID6021030,86-30-6,N-Nitrosodiphenylamine,no
DTXSID1021322,97-77-8,Disulfiram,no
DTXSID0020606,103-23-1,Di(2-ethylhexyl) adipate,no
DTXSID8020127,30516-87-1,3'-Azido-3'-deoxythymidine,no
DTXSID6023810,121-54-0,Benzethonium chloride,no
DTXSID6020480,828-00-2,Dimethoxane,no
DTXSID5021330,124-64-1,Tetrakis(hydroxymethyl)phosphonium chloride,no
DTXSID6028492,68424-85-1,"Quaternary ammonium compounds, benzyl-C12-16-alkyldimethyl, chlorides",no
DTXSID9032537,7173-51-5,Didecyldimethylammonium chloride,no
DTXSID0020311,150-68-5,Monuron,no
DTXSID5032361,10222-01-2,"2,2-Dibromo-3-nitrilopropionamide",no
DTXSID2035726,32289-58-0,Polihexanide,no
DTXSID8024652,52-51-7,Bronopol,no
DTXSID8024523,63-05-8,"4-Androstene-3,17-dione",no
DTXSID7020972,67-20-9,Nitrofurantoin,no
DTXSID1023235,69-65-8,D-Mannitol,no
DTXSID5020863,41372-08-1,Methyldopa sesquihydrate,no
DTXSID5020811,7487-94-7,Mercuric chloride,no
DTXSID7020895,2385-85-5,Mirex,no
DTXSID3021358,1156-19-0,Tolazamide,no
DTXSID9020299,510-15-6,Chlorobenzilate,no
DTXSID0021256,599-79-1,Sulfasalazine,no
DTXSID4020537,147-24-0,Diphenhydramine hydrochloride,no
DTXSID6021456,2783-94-0,FD&C Yellow 6,no
DTXSID6040371,140-56-7,Fenaminosulf,no
DTXSID1020699,136-77-6,4-Hexylresorcinol,no
DTXSID2020262,133-90-4,Chloramben,no
DTXSID6025692,123-35-3,Myrcene,no
DTXSID8020597,107-21-1,Ethylene glycol,no
DTXSID8020123,103-33-3,Azobenzene,no
DTXSID6041636,93-92-5,"Benzenemethanol, alpha-methyl-, acetate",no
DTXSID5020576,57-63-6,17alpha-Ethinylestradiol,no
DTXSID8020961,100-01-6,4-Nitroaniline,no
DTXSID3020205,85-68-7,Butyl benzyl phthalate,no
DTXSID3032591,16079-88-2,"Bromo-3-chloro-5,5-dimethylhydantoin",no
DTXSID4034601,67564-91-4,"(2R,6S)-Fenpropimorph",no
DTXSID4021717,59-50-7,4-Chloro-3-methylphenol,no
DTXSID9020295,106-47-8,4-Chloroaniline,no
DTXSID6027923,27176-87-0,Dodecylbenzenesulfonic acid,no
DTXSID9021392,102-71-6,Triethanolamine,no
DTXSID4020296,20265-96-7,4-Chloroaniline hydrochloride,no
DTXSID8023842,10599-90-3,Chloramine,no
DTXSID8025337,75-12-7,Formamide,no
DTXSID3024940,3252-43-5,Dibromoacetonitrile,no
DTXSID2020688,77-47-4,Hexachlorocyclopentadiene,no
DTXSID5020106,50-81-7,L-Ascorbic acid,no
DTXSID3020047,57-06-7,Allyl isothiocyanate,no
DTXSID0021127,63-92-3,Phenoxybenzamine hydrochloride,no
DTXSID5020029,107-13-1,Acrylonitrile,no
DTXSID1021031,156-10-5,4-Nitrosodiphenylamine,no
DTXSID8020834,598-55-0,Methyl carbamate,no
DTXSID1021087,604-75-1,Oxazepam,no
DTXSID0020151,140-11-4,Benzyl acetate,no
DTXSID5020493,868-85-9,Dimethyl hydrogen phosphite,no
DTXSID1021243,989-38-8,Rhodamine 6G,no
DTXSID2021103,1825-21-4,Pentachloroanisole,no
DTXSID0020494,756-79-6,Dimethyl methylphosphonate,no
DTXSID1021320,961-11-5,Tetrachlorovinphos,no
DTXSID4021391,1330-78-5,Tricresyl phosphate,no
DTXSID0021175,9005-65-6,Polysorbate 80,no
DTXSID1020778,5989-27-5,D-Limonene,no
DTXSID0021460,17924-92-4,Zearalenone,no
DTXSID6024834,14371-10-9,(2E)-3-Phenylprop-2-enal,no
DTXSID9021136,50-33-9,Phenylbutazone,no
DTXSID3039242,71-43-2,Benzene,no
DTXSID2025975,89-82-7,R-(+)-Pulegone,no
DTXSID8039241,100-52-7,Benzaldehyde,no
DTXSID6020062,99-57-0,2-Amino-4-nitrophenol,no
DTXSID1020198,75-27-4,Bromodichloromethane,no
DTXSID4020589,72-56-0,"p,p'-Ethyl-DDD",no
DTXSID7021102,132-98-9,Penicillin VK,no
DTXSID9020083,7177-48-2,Ampicillin trihydrate,no
DTXSID2021159,85-44-9,Phthalic anhydride,no
DTXSID4020583,140-88-5,Ethyl acrylate,no
DTXSID0021832,99-97-8,"N,N,4-Trimethylaniline",no
DTXSID4020298,108-90-7,Chlorobenzene,no
DTXSID6020802,108-78-1,Melamine,no
DTXSID7023510,125-33-7,Primidone,no
DTXSID2021446,1330-20-7,Xylenes,no